<?xml version="1.0" encoding="UTF-8"?>
<project-private xmlns="http://www.netbeans.org/ns/project-private/1">
    <editor-bookmarks xmlns="http://www.netbeans.org/ns/editor-bookmarks/2" lastBookmarkId="0"/>
    <open-files xmlns="http://www.netbeans.org/ns/projectui-open-files/2">
        <group>
            <file>file:/C:/Apki/Java/SuwakBeans/src/suwakbeans/Okno.java</file>
            <file>file:/C:/Apki/Java/SuwakBeans/src/suwakbeans/Suwak.java</file>
            <file>file:/C:/Apki/Java/SuwakBeans/src/suwakbeans/SuwakBeans.java</file>
        </group>
    </open-files>
</project-private>
